loan_id,loan_date,campus,item_category
1001,2024-12-03,Minneapolis,tablet
1002,2024-12-03,StPaul,laptop
1003,2024-12-08,Online,headphones
1004,2024-12-11,StPaul,tablet
1005,2024-12-12,Online,laptop
1006,2024-12-17,StPaul,laptop
1007,2024-12-18,Minneapolis,laptop
1008,2024-12-21,StPaul,laptop
1009,2024-12-27,Online,laptop
1010,2024-12-27,Online,camera
1011,2025-01-02,Online,headphones
1012,2025-01-02,Online,camera
1013,2025-01-04,Online,headphones
1014,2025-01-04,Online,laptop
1015,2025-01-10,Minneapolis,camera
1016,2025-01-10,Online,camera
1017,2025-01-13,StPaul,camera
1018,2025-01-18,StPaul,headphones
1019,2025-01-19,StPaul,headphones
1020,2025-01-21,StPaul,projector
1021,2025-02-04,Online,tablet
1022,2025-02-06,Minneapolis,camera
1023,2025-02-07,Minneapolis,headphones
1024,2025-02-10,StPaul,camera
1025,2025-02-10,Online,laptop
1026,2025-02-14,Minneapolis,tablet
1027,2025-02-16,Minneapolis,tablet
1028,2025-02-19,Minneapolis,projector
1029,2025-02-19,Minneapolis,headphones
1030,2025-02-23,StPaul,laptop